RSS;AICc;R2.val;R2adj
601525.9824;447.0943873;0.785264902;0.678907927
