RSS;AICc;R2.val;R2adj
802.6998548;224.0333227;0.764509977;0.676013733
