RSS;AICc;R2.val;R2adj
818.6433157;223.3384601;0.759832605;0.675887998
